model,model_slug,cell_id,modality,focus,budget_tokens,is_baseline,doc_index,runs,ok_runs,span_f1_mean,span_f1_std,exact_match_mean,exact_match_std,mc_accuracy_mean,mc_accuracy_std,abstention_rate_mean,abstention_rate_std,hallucination_rate_mean,hallucination_rate_std,wrong_doc_rate_mean,wrong_doc_rate_std,answered_positive_rate_mean,answered_positive_rate_std,latency_mean,prompt_tokens_mean,cost_mean
deepseek-flash,deepseek/deepseek-v4-flash,d005_baseline,baseline,spans,0,True,5,1,1,0.7317,0.0,0.5714,0.0,,,0.8,0.0,0.2,0.0,0.0,0.0,1.0,0.0,64.852,9323,0.0027
deepseek-flash,deepseek/deepseek-v4-flash,d005_confusion_b128000,confusion,spans,128000,False,5,1,1,0.7831,0.0,0.5714,0.0,,,0.8,0.0,0.2,0.0,0.0,0.0,1.0,0.0,47.318,114607,0.0084
deepseek-flash,deepseek/deepseek-v4-flash,d005_confusion_b256000,confusion,spans,256000,False,5,1,1,0.7483,0.0,0.4286,0.0,,,0.88,0.0,0.12,0.0,0.0,0.0,1.0,0.0,57.047,222793,0.0226
deepseek-flash,deepseek/deepseek-v4-flash,d005_confusion_b512000,confusion,spans,512000,False,5,1,1,0.7189,0.0,0.5714,0.0,,,0.88,0.0,0.12,0.0,0.0,0.0,1.0,0.0,88.319,437020,0.0618
deepseek-flash,deepseek/deepseek-v4-flash,d005_confusion_b64000,confusion,spans,64000,False,5,1,1,0.7483,0.0,0.4286,0.0,,,0.8,0.0,0.2,0.0,0.0,0.0,1.0,0.0,40.658,62486,0.0049
deepseek-flash,deepseek/deepseek-v4-flash,d005_rot_b128000,rot,spans,128000,False,5,1,1,0.7483,0.0,0.4286,0.0,,,0.76,0.0,0.24,0.0,0.0,0.0,1.0,0.0,59.971,144262,0.0218
deepseek-flash,deepseek/deepseek-v4-flash,d005_rot_b256000,rot,spans,256000,False,5,1,1,0.7317,0.0,0.5714,0.0,,,0.88,0.0,0.12,0.0,0.0,0.0,1.0,0.0,1001.979,279932,0.0398
deepseek-flash,deepseek/deepseek-v4-flash,d005_rot_b512000,rot,spans,512000,False,5,1,1,0.7112,0.0,0.4286,0.0,,,0.88,0.0,0.12,0.0,0.0,0.0,1.0,0.0,88.163,555036,0.0778
deepseek-flash,deepseek/deepseek-v4-flash,d005_rot_b64000,rot,spans,64000,False,5,1,1,0.7831,0.0,0.5714,0.0,,,0.8,0.0,0.2,0.0,0.0,0.0,1.0,0.0,38.952,75527,0.0113
deepseek-flash,deepseek/deepseek-v4-flash,d009_baseline,baseline,spans,0,True,9,1,1,0.6245,0.0,0.25,0.0,,,0.9286,0.0,0.0714,0.0,0.0,0.0,1.0,0.0,19.569,8020,0.0025
deepseek-flash,deepseek/deepseek-v4-flash,d009_confusion_b128000,confusion,spans,128000,False,9,1,1,0.6245,0.0,0.25,0.0,,,0.8929,0.0,0.1071,0.0,0.0,0.0,1.0,0.0,82.201,114545,0.0106
deepseek-flash,deepseek/deepseek-v4-flash,d009_confusion_b256000,confusion,spans,256000,False,9,1,1,0.6245,0.0,0.25,0.0,,,0.9286,0.0,0.0714,0.0,0.0,0.0,1.0,0.0,75.334,222267,0.0294
deepseek-flash,deepseek/deepseek-v4-flash,d009_confusion_b512000,confusion,spans,512000,False,9,1,1,0.6199,0.0,0.25,0.0,,,0.9286,0.0,0.0714,0.0,0.0,0.0,1.0,0.0,60.975,431804,0.0611
deepseek-flash,deepseek/deepseek-v4-flash,d009_confusion_b64000,confusion,spans,64000,False,9,1,1,0.6199,0.0,0.25,0.0,,,0.8929,0.0,0.1071,0.0,0.0,0.0,1.0,0.0,29.076,60776,0.0047
deepseek-flash,deepseek/deepseek-v4-flash,d009_rot_b128000,rot,spans,128000,False,9,1,1,0.6245,0.0,0.25,0.0,,,0.9286,0.0,0.0714,0.0,0.0,0.0,1.0,0.0,44.558,143465,0.0205
deepseek-flash,deepseek/deepseek-v4-flash,d009_rot_b256000,rot,spans,256000,False,9,1,1,0.6245,0.0,0.25,0.0,,,0.9643,0.0,0.0357,0.0,0.0,0.0,1.0,0.0,57.527,283481,0.0401
deepseek-flash,deepseek/deepseek-v4-flash,d009_rot_b512000,rot,spans,512000,False,9,1,1,0.6245,0.0,0.25,0.0,,,0.9286,0.0,0.0714,0.0,0.0,0.0,1.0,0.0,851.331,552803,0.0778
deepseek-flash,deepseek/deepseek-v4-flash,d009_rot_b64000,rot,spans,64000,False,9,1,1,0.6245,0.0,0.25,0.0,,,0.9286,0.0,0.0714,0.0,0.0,0.0,1.0,0.0,22.06,75082,0.0109
deepseek-flash,deepseek/deepseek-v4-flash,d010_baseline,baseline,spans,0,True,10,1,1,0.8314,0.0,0.625,0.0,,,0.8333,0.0,0.1667,0.0,0.0,0.0,1.0,0.0,71.107,10942,0.0029
deepseek-flash,deepseek/deepseek-v4-flash,d010_confusion_b128000,confusion,spans,128000,False,10,1,1,0.9583,0.0,0.875,0.0,,,0.8333,0.0,0.1667,0.0,0.0,0.0,1.0,0.0,42.811,119720,0.0173
deepseek-flash,deepseek/deepseek-v4-flash,d010_confusion_b256000,confusion,spans,256000,False,10,1,1,0.9167,0.0,0.75,0.0,,,0.875,0.0,0.125,0.0,0.0,0.0,1.0,0.0,73.442,224635,0.0229
deepseek-flash,deepseek/deepseek-v4-flash,d010_confusion_b512000,confusion,spans,512000,False,10,1,1,0.7758,0.0,0.625,0.0,,,0.875,0.0,0.125,0.0,0.0,0.0,1.0,0.0,100.601,435943,0.0134
deepseek-flash,deepseek/deepseek-v4-flash,d010_confusion_b64000,confusion,spans,64000,False,10,1,1,0.8305,0.0,0.625,0.0,,,0.75,0.0,0.25,0.0,0.0,0.0,1.0,0.0,36.45,65224,0.0098
deepseek-flash,deepseek/deepseek-v4-flash,d010_rot_b128000,rot,spans,128000,False,10,1,1,0.7841,0.0,0.375,0.0,,,0.8333,0.0,0.1667,0.0,0.0,0.0,1.0,0.0,43.518,149682,0.0272
deepseek-flash,deepseek/deepseek-v4-flash,d010_rot_b256000,rot,spans,256000,False,10,1,1,0.8418,0.0,0.25,0.0,,,0.5833,0.0,0.4167,0.0,0.0,0.0,1.0,0.0,46.582,284220,0.0403
deepseek-flash,deepseek/deepseek-v4-flash,d010_rot_b512000,rot,spans,512000,False,10,1,1,0.8781,0.0,0.25,0.0,,,0.8333,0.0,0.1667,0.0,0.0,0.0,1.0,0.0,53.802,557667,0.0741
deepseek-flash,deepseek/deepseek-v4-flash,d010_rot_b64000,rot,spans,64000,False,10,1,1,0.9145,0.0,0.375,0.0,,,0.7083,0.0,0.2917,0.0,0.0,0.0,1.0,0.0,43.986,81383,0.0097
deepseek-flash,deepseek/deepseek-v4-flash,d020_baseline,baseline,spans,0,True,20,1,1,0.6857,0.0,0.6,0.0,,,0.6471,0.0,0.3529,0.0,0.0,0.0,0.8667,0.0,18.396,16157,0.0029
deepseek-flash,deepseek/deepseek-v4-flash,d020_confusion_b128000,confusion,spans,128000,False,20,1,1,0.7302,0.0,0.4667,0.0,,,0.5882,0.0,0.4118,0.0,0.0,0.0,0.8667,0.0,68.857,123807,0.0145
deepseek-flash,deepseek/deepseek-v4-flash,d020_confusion_b256000,confusion,spans,256000,False,20,1,1,0.8153,0.0,0.7333,0.0,,,0.7647,0.0,0.2353,0.0,0.0,0.0,0.9333,0.0,67.959,229217,0.0167
deepseek-flash,deepseek/deepseek-v4-flash,d020_confusion_b512000,confusion,spans,512000,False,20,1,1,0.7463,0.0,0.5333,0.0,,,0.7059,0.0,0.2941,0.0,0.0,0.0,0.9333,0.0,78.106,443469,0.0283
deepseek-flash,deepseek/deepseek-v4-flash,d020_confusion_b64000,confusion,spans,64000,False,20,1,1,0.6528,0.0,0.4,0.0,,,0.6471,0.0,0.3529,0.0,0.0,0.0,0.8667,0.0,43.339,66803,0.0135
deepseek-flash,deepseek/deepseek-v4-flash,d020_rot_b128000,rot,spans,128000,False,20,1,1,0.7679,0.0,0.6,0.0,,,0.7059,0.0,0.2941,0.0,0.0,0.0,0.9333,0.0,42.087,153438,0.0222
deepseek-flash,deepseek/deepseek-v4-flash,d020_rot_b256000,rot,spans,256000,False,20,1,1,0.7864,0.0,0.6667,0.0,,,0.5882,0.0,0.4118,0.0,0.0,0.0,0.8667,0.0,58.236,288138,0.0202
deepseek-flash,deepseek/deepseek-v4-flash,d020_rot_b512000,rot,spans,512000,False,20,1,1,0.7245,0.0,0.5333,0.0,,,0.7059,0.0,0.2941,0.0,0.0,0.0,0.9333,0.0,78.992,562755,0.0368
deepseek-flash,deepseek/deepseek-v4-flash,d020_rot_b64000,rot,spans,64000,False,20,1,1,0.4862,0.0,0.0667,0.0,,,0.5882,0.0,0.4118,0.0,0.0,0.0,0.8667,0.0,98.235,82969,0.0081
deepseek-flash,deepseek/deepseek-v4-flash,d028_baseline,baseline,spans,0,True,28,1,1,0.6755,0.0,0.4286,0.0,,,0.8333,0.0,0.1667,0.0,0.0,0.0,0.7857,0.0,37.948,18192,0.0025
deepseek-flash,deepseek/deepseek-v4-flash,d028_confusion_b128000,confusion,spans,128000,False,28,1,1,0.6403,0.0,0.3571,0.0,,,0.8333,0.0,0.1667,0.0,0.0,0.0,0.7857,0.0,250.119,125712,0.0176
deepseek-flash,deepseek/deepseek-v4-flash,d028_confusion_b256000,confusion,spans,256000,False,28,1,1,0.5647,0.0,0.0714,0.0,,,0.8333,0.0,0.1667,0.0,0.0,0.0,0.7143,0.0,46.39,235049,0.0239
deepseek-flash,deepseek/deepseek-v4-flash,d028_confusion_b512000,confusion,spans,512000,False,28,1,1,0.676,0.0,0.4286,0.0,,,0.8889,0.0,0.1111,0.0,0.0,0.0,0.7857,0.0,118.782,444594,0.0443
deepseek-flash,deepseek/deepseek-v4-flash,d028_confusion_b64000,confusion,spans,64000,False,28,1,1,0.6487,0.0,0.3571,0.0,,,0.8889,0.0,0.1111,0.0,0.0,0.0,0.7857,0.0,32.903,70430,0.0078
deepseek-flash,deepseek/deepseek-v4-flash,d028_rot_b128000,rot,spans,128000,False,28,1,1,0.5303,0.0,0.2143,0.0,,,0.7778,0.0,0.2222,0.0,0.0,0.0,0.7143,0.0,391.561,155046,0.0286
deepseek-flash,deepseek/deepseek-v4-flash,d028_rot_b256000,rot,spans,256000,False,28,1,1,0.6174,0.0,0.3571,0.0,,,0.7222,0.0,0.2778,0.0,0.0,0.0,0.7857,0.0,42.192,289021,0.0407
deepseek-flash,deepseek/deepseek-v4-flash,d028_rot_b512000,rot,spans,512000,False,28,1,1,0.4964,0.0,0.2857,0.0,,,0.7222,0.0,0.2778,0.0,0.0,0.0,0.7143,0.0,106.603,564132,0.0567
deepseek-flash,deepseek/deepseek-v4-flash,d028_rot_b64000,rot,spans,64000,False,28,1,1,0.7614,0.0,0.5,0.0,,,0.6667,0.0,0.3333,0.0,0.0,0.0,0.9286,0.0,48.188,86032,0.0101
deepseek-flash,deepseek/deepseek-v4-flash,d029_baseline,baseline,spans,0,True,29,1,1,0.9556,0.0,0.8889,0.0,,,0.7826,0.0,0.2174,0.0,0.0,0.0,1.0,0.0,34.005,4274,0.0009
deepseek-flash,deepseek/deepseek-v4-flash,d029_confusion_b128000,confusion,spans,128000,False,29,1,1,0.906,0.0,0.8889,0.0,,,0.7391,0.0,0.2609,0.0,0.0,0.0,1.0,0.0,40.497,111250,0.0077
deepseek-flash,deepseek/deepseek-v4-flash,d029_confusion_b256000,confusion,spans,256000,False,29,1,1,0.8799,0.0,0.2222,0.0,,,0.7826,0.0,0.2174,0.0,0.0,0.0,1.0,0.0,38.63,217772,0.0139
deepseek-flash,deepseek/deepseek-v4-flash,d029_confusion_b512000,confusion,spans,512000,False,29,1,1,0.7906,0.0,0.7778,0.0,,,0.7391,0.0,0.2609,0.0,0.0,0.0,0.8889,0.0,47.283,432137,0.029
deepseek-flash,deepseek/deepseek-v4-flash,d029_confusion_b64000,confusion,spans,64000,False,29,1,1,0.7671,0.0,0.6667,0.0,,,0.7826,0.0,0.2174,0.0,0.0,0.0,0.8889,0.0,27.095,58433,0.007
deepseek-flash,deepseek/deepseek-v4-flash,d029_rot_b128000,rot,spans,128000,False,29,1,1,0.9167,0.0,0.8889,0.0,,,0.7391,0.0,0.2609,0.0,0.0,0.0,1.0,0.0,21.782,141067,0.0203
deepseek-flash,deepseek/deepseek-v4-flash,d029_rot_b256000,rot,spans,256000,False,29,1,1,0.9048,0.0,0.8889,0.0,,,0.7391,0.0,0.2609,0.0,0.0,0.0,1.0,0.0,64.542,276380,0.0384
deepseek-flash,deepseek/deepseek-v4-flash,d029_rot_b512000,rot,spans,512000,False,29,1,1,0.7949,0.0,0.7778,0.0,,,0.7826,0.0,0.2174,0.0,0.0,0.0,0.8889,0.0,573.684,551362,0.0777
deepseek-flash,deepseek/deepseek-v4-flash,d029_rot_b64000,rot,spans,64000,False,29,1,1,0.9048,0.0,0.8889,0.0,,,0.7826,0.0,0.2174,0.0,0.0,0.0,1.0,0.0,38.636,72346,0.0051
deepseek-flash,deepseek/deepseek-v4-flash,d031_baseline,baseline,spans,0,True,31,1,1,0.7451,0.0,0.4167,0.0,,,0.8,0.0,0.2,0.0,0.0,0.0,1.0,0.0,16.188,18450,0.0031
deepseek-flash,deepseek/deepseek-v4-flash,d031_confusion_b128000,confusion,spans,128000,False,31,1,1,0.6598,0.0,0.4167,0.0,,,0.9,0.0,0.1,0.0,0.0,0.0,0.9167,0.0,27.436,126882,0.0189
deepseek-flash,deepseek/deepseek-v4-flash,d031_confusion_b256000,confusion,spans,256000,False,31,1,1,0.5924,0.0,0.4167,0.0,,,0.9,0.0,0.1,0.0,0.0,0.0,0.8333,0.0,53.544,230504,0.0333
deepseek-flash,deepseek/deepseek-v4-flash,d031_confusion_b512000,confusion,spans,512000,False,31,1,1,0.6092,0.0,0.4167,0.0,,,0.9,0.0,0.1,0.0,0.0,0.0,0.8333,0.0,63.555,444049,0.0626
deepseek-flash,deepseek/deepseek-v4-flash,d031_confusion_b64000,confusion,spans,64000,False,31,1,1,0.6525,0.0,0.5,0.0,,,0.9,0.0,0.1,0.0,0.0,0.0,0.8333,0.0,31.612,70696,0.0077
deepseek-flash,deepseek/deepseek-v4-flash,d031_rot_b128000,rot,spans,128000,False,31,1,1,0.7451,0.0,0.4167,0.0,,,0.8,0.0,0.2,0.0,0.0,0.0,1.0,0.0,28.057,154279,0.022
deepseek-flash,deepseek/deepseek-v4-flash,d031_rot_b256000,rot,spans,256000,False,31,1,1,0.7253,0.0,0.5,0.0,,,0.9,0.0,0.1,0.0,0.0,0.0,0.9167,0.0,85.346,293005,0.0399
deepseek-flash,deepseek/deepseek-v4-flash,d031_rot_b512000,rot,spans,512000,False,31,1,1,0.7071,0.0,0.4167,0.0,,,0.9,0.0,0.1,0.0,0.0,0.0,0.9167,0.0,135.436,564184,0.0762
deepseek-flash,deepseek/deepseek-v4-flash,d031_rot_b64000,rot,spans,64000,False,31,1,1,0.6886,0.0,0.4167,0.0,,,0.85,0.0,0.15,0.0,0.0,0.0,0.9167,0.0,17.512,85951,0.009
deepseek-flash,deepseek/deepseek-v4-flash,d036_baseline,baseline,spans,0,True,36,1,1,0.811,0.0,0.5,0.0,,,0.8333,0.0,0.1667,0.0,0.0,0.0,1.0,0.0,36.205,6945,0.0025
deepseek-flash,deepseek/deepseek-v4-flash,d036_confusion_b128000,confusion,spans,128000,False,36,1,1,0.7144,0.0,0.0714,0.0,,,0.8333,0.0,0.1667,0.0,0.0,0.0,0.9286,0.0,50.152,112824,0.0163
deepseek-flash,deepseek/deepseek-v4-flash,d036_confusion_b256000,confusion,spans,256000,False,36,1,1,0.7807,0.0,0.4286,0.0,,,0.7778,0.0,0.2222,0.0,0.0,0.0,1.0,0.0,35.841,218568,0.0312
deepseek-flash,deepseek/deepseek-v4-flash,d036_confusion_b512000,confusion,spans,512000,False,36,1,1,0.7718,0.0,0.5,0.0,,,0.8333,0.0,0.1667,0.0,0.0,0.0,0.9286,0.0,84.799,431109,0.0584
deepseek-flash,deepseek/deepseek-v4-flash,d036_confusion_b64000,confusion,spans,64000,False,36,1,1,0.7002,0.0,0.0714,0.0,,,0.8889,0.0,0.1111,0.0,0.0,0.0,0.9286,0.0,29.91,58912,0.0116
deepseek-flash,deepseek/deepseek-v4-flash,d036_rot_b128000,rot,spans,128000,False,36,1,1,0.6053,0.0,0.0,0.0,,,0.8333,0.0,0.1667,0.0,0.0,0.0,0.9286,0.0,40.696,144300,0.0214
deepseek-flash,deepseek/deepseek-v4-flash,d036_rot_b256000,rot,spans,256000,False,36,1,1,0.7528,0.0,0.3571,0.0,,,0.8333,0.0,0.1667,0.0,0.0,0.0,0.9286,0.0,85.687,277638,0.0406
deepseek-flash,deepseek/deepseek-v4-flash,d036_rot_b512000,rot,spans,512000,False,36,1,1,0.7037,0.0,0.2857,0.0,,,0.8333,0.0,0.1667,0.0,0.0,0.0,0.9286,0.0,75.529,551084,0.0549
deepseek-flash,deepseek/deepseek-v4-flash,d036_rot_b64000,rot,spans,64000,False,36,1,1,0.7012,0.0,0.0714,0.0,,,0.7778,0.0,0.2222,0.0,0.0,0.0,1.0,0.0,61.599,76104,0.0073
deepseek-flash,deepseek/deepseek-v4-flash,d037_baseline,baseline,spans,0,True,37,1,1,0.8606,0.0,0.2,0.0,,,0.8636,0.0,0.1364,0.0,0.0,0.0,1.0,0.0,38.877,7882,0.0032
deepseek-flash,deepseek/deepseek-v4-flash,d037_confusion_b128000,confusion,spans,128000,False,37,1,1,0.6889,0.0,0.4,0.0,,,0.8636,0.0,0.1364,0.0,0.0,0.0,0.9,0.0,45.529,112230,0.0082
deepseek-flash,deepseek/deepseek-v4-flash,d037_confusion_b256000,confusion,spans,256000,False,37,1,1,0.6699,0.0,0.4,0.0,,,0.9091,0.0,0.0909,0.0,0.0,0.0,0.8,0.0,42.162,221445,0.0223
deepseek-flash,deepseek/deepseek-v4-flash,d037_confusion_b512000,confusion,spans,512000,False,37,1,1,0.7379,0.0,0.1,0.0,,,0.8636,0.0,0.1364,0.0,0.0,0.0,1.0,0.0,107.013,433378,0.062
deepseek-flash,deepseek/deepseek-v4-flash,d037_confusion_b64000,confusion,spans,64000,False,37,1,1,0.7587,0.0,0.7,0.0,,,0.9545,0.0,0.0455,0.0,0.0,0.0,0.9,0.0,15.034,61217,0.009
deepseek-flash,deepseek/deepseek-v4-flash,d037_rot_b128000,rot,spans,128000,False,37,1,1,0.8013,0.0,0.4,0.0,,,0.8636,0.0,0.1364,0.0,0.0,0.0,1.0,0.0,86.37,144196,0.0203
deepseek-flash,deepseek/deepseek-v4-flash,d037_rot_b256000,rot,spans,256000,False,37,1,1,0.5742,0.0,0.2,0.0,,,0.8636,0.0,0.1364,0.0,0.0,0.0,0.9,0.0,83.182,278934,0.0381
deepseek-flash,deepseek/deepseek-v4-flash,d037_rot_b512000,rot,spans,512000,False,37,1,1,0.7971,0.0,0.4,0.0,,,0.8636,0.0,0.1364,0.0,0.0,0.0,1.0,0.0,71.178,555429,0.0789
deepseek-flash,deepseek/deepseek-v4-flash,d037_rot_b64000,rot,spans,64000,False,37,1,1,0.8089,0.0,0.2,0.0,,,0.7727,0.0,0.2273,0.0,0.0,0.0,1.0,0.0,27.966,77132,0.0114
deepseek-flash,deepseek/deepseek-v4-flash,d041_baseline,baseline,spans,0,True,41,1,1,0.8182,0.0,0.5714,0.0,,,0.96,0.0,0.04,0.0,0.0,0.0,1.0,0.0,43.218,7305,0.0018
deepseek-flash,deepseek/deepseek-v4-flash,d041_confusion_b128000,confusion,spans,128000,False,41,1,1,0.8874,0.0,0.7143,0.0,,,0.96,0.0,0.04,0.0,0.0,0.0,1.0,0.0,34.137,111509,0.0116
deepseek-flash,deepseek/deepseek-v4-flash,d041_confusion_b256000,confusion,spans,256000,False,41,1,1,0.6826,0.0,0.2857,0.0,,,0.96,0.0,0.04,0.0,0.0,0.0,1.0,0.0,119.142,213853,0.0076
deepseek-flash,deepseek/deepseek-v4-flash,d041_confusion_b512000,confusion,spans,512000,False,41,1,1,0.8874,0.0,0.7143,0.0,,,1.0,0.0,0.0,0.0,0.0,0.0,1.0,0.0,59.98,435926,0.0432
deepseek-flash,deepseek/deepseek-v4-flash,d041_confusion_b64000,confusion,spans,64000,False,41,1,1,0.8438,0.0,0.5714,0.0,,,0.96,0.0,0.04,0.0,0.0,0.0,1.0,0.0,28.08,60329,0.0063
deepseek-flash,deepseek/deepseek-v4-flash,d041_rot_b128000,rot,spans,128000,False,41,1,1,0.9609,0.0,0.8571,0.0,,,0.96,0.0,0.04,0.0,0.0,0.0,1.0,0.0,29.804,143468,0.0212
deepseek-flash,deepseek/deepseek-v4-flash,d041_rot_b256000,rot,spans,256000,False,41,1,1,0.7316,0.0,0.2857,0.0,,,0.96,0.0,0.04,0.0,0.0,0.0,1.0,0.0,50.173,279583,0.0195
deepseek-flash,deepseek/deepseek-v4-flash,d041_rot_b512000,rot,spans,512000,False,41,1,1,0.909,0.0,0.7143,0.0,,,1.0,0.0,0.0,0.0,0.0,0.0,1.0,0.0,75.519,553192,0.0788
deepseek-flash,deepseek/deepseek-v4-flash,d041_rot_b64000,rot,spans,64000,False,41,1,1,0.7817,0.0,0.4286,0.0,,,0.96,0.0,0.04,0.0,0.0,0.0,1.0,0.0,36.313,75632,0.0084
deepseek-flash,deepseek/deepseek-v4-flash,d044_baseline,baseline,spans,0,True,44,1,1,0.475,0.0,0.1667,0.0,,,0.9615,0.0,0.0385,0.0,0.0,0.0,0.8333,0.0,28.64,6331,0.001
deepseek-flash,deepseek/deepseek-v4-flash,d044_confusion_b128000,confusion,spans,128000,False,44,1,1,0.601,0.0,0.3333,0.0,,,0.9231,0.0,0.0769,0.0,0.0,0.0,0.8333,0.0,40.777,113075,0.0118
deepseek-flash,deepseek/deepseek-v4-flash,d044_confusion_b256000,confusion,spans,256000,False,44,1,1,0.5767,0.0,0.3333,0.0,,,0.9231,0.0,0.0769,0.0,0.0,0.0,1.0,0.0,43.093,221178,0.0222
deepseek-flash,deepseek/deepseek-v4-flash,d044_confusion_b512000,confusion,spans,512000,False,44,1,1,0.4705,0.0,0.1667,0.0,,,0.9615,0.0,0.0385,0.0,0.0,0.0,0.8333,0.0,45.881,430431,0.061
deepseek-flash,deepseek/deepseek-v4-flash,d044_confusion_b64000,confusion,spans,64000,False,44,1,1,0.6027,0.0,0.1667,0.0,,,1.0,0.0,0.0,0.0,0.0,0.0,0.8333,0.0,25.133,57004,0.0061
deepseek-flash,deepseek/deepseek-v4-flash,d044_rot_b128000,rot,spans,128000,False,44,1,1,0.4618,0.0,0.1667,0.0,,,0.9615,0.0,0.0385,0.0,0.0,0.0,0.8333,0.0,47.03,142681,0.0204
deepseek-flash,deepseek/deepseek-v4-flash,d044_rot_b256000,rot,spans,256000,False,44,1,1,0.405,0.0,0.1667,0.0,,,0.9231,0.0,0.0769,0.0,0.0,0.0,0.8333,0.0,51.932,285139,0.0403
deepseek-flash,deepseek/deepseek-v4-flash,d044_rot_b512000,rot,spans,512000,False,44,1,1,0.5932,0.0,0.3333,0.0,,,0.8846,0.0,0.1154,0.0,0.0,0.0,0.8333,0.0,128.435,550360,0.0547
deepseek-flash,deepseek/deepseek-v4-flash,d044_rot_b64000,rot,spans,64000,False,44,1,1,0.4618,0.0,0.1667,0.0,,,0.9231,0.0,0.0769,0.0,0.0,0.0,0.8333,0.0,16.625,74536,0.0078
deepseek-flash,deepseek/deepseek-v4-flash,d053_baseline,baseline,spans,0,True,53,1,1,0.8333,0.0,0.5,0.0,,,1.0,0.0,0.0,0.0,0.0,0.0,1.0,0.0,32.522,3241,0.001
deepseek-flash,deepseek/deepseek-v4-flash,d053_confusion_b128000,confusion,spans,128000,False,53,1,1,0.6905,0.0,0.5,0.0,,,0.9667,0.0,0.0333,0.0,0.0,0.0,1.0,0.0,23.437,108277,0.0109
deepseek-flash,deepseek/deepseek-v4-flash,d053_confusion_b256000,confusion,spans,256000,False,53,1,1,0.569,0.0,0.5,0.0,,,1.0,0.0,0.0,0.0,0.0,0.0,1.0,0.0,29.445,215073,0.0296
deepseek-flash,deepseek/deepseek-v4-flash,d053_confusion_b512000,confusion,spans,512000,False,53,1,1,0.6905,0.0,0.5,0.0,,,1.0,0.0,0.0,0.0,0.0,0.0,1.0,0.0,66.785,431273,0.0426
deepseek-flash,deepseek/deepseek-v4-flash,d053_confusion_b64000,confusion,spans,64000,False,53,1,1,0.6053,0.0,0.5,0.0,,,0.9667,0.0,0.0333,0.0,0.0,0.0,1.0,0.0,33.394,57259,0.0054
deepseek-flash,deepseek/deepseek-v4-flash,d053_rot_b128000,rot,spans,128000,False,53,1,1,0.6818,0.0,0.5,0.0,,,1.0,0.0,0.0,0.0,0.0,0.0,1.0,0.0,28.647,139233,0.009
deepseek-flash,deepseek/deepseek-v4-flash,d053_rot_b256000,rot,spans,256000,False,53,1,1,0.6905,0.0,0.5,0.0,,,1.0,0.0,0.0,0.0,0.0,0.0,1.0,0.0,45.523,274784,0.0388
deepseek-flash,deepseek/deepseek-v4-flash,d053_rot_b512000,rot,spans,512000,False,53,1,1,0.6818,0.0,0.5,0.0,,,1.0,0.0,0.0,0.0,0.0,0.0,1.0,0.0,72.699,548504,0.0543
deepseek-flash,deepseek/deepseek-v4-flash,d053_rot_b64000,rot,spans,64000,False,53,1,1,0.6905,0.0,0.5,0.0,,,1.0,0.0,0.0,0.0,0.0,0.0,1.0,0.0,24.305,71189,0.0103
deepseek-flash,deepseek/deepseek-v4-flash,d054_baseline,baseline,spans,0,True,54,1,1,0.6777,0.0,0.5556,0.0,,,0.9565,0.0,0.0435,0.0,0.0,0.0,0.8889,0.0,23.949,4809,0.0018
deepseek-flash,deepseek/deepseek-v4-flash,d054_confusion_b128000,confusion,spans,128000,False,54,1,1,0.635,0.0,0.3333,0.0,,,0.8696,0.0,0.1304,0.0,0.0,0.0,0.8889,0.0,47.686,108729,0.0078
deepseek-flash,deepseek/deepseek-v4-flash,d054_confusion_b256000,confusion,spans,256000,False,54,1,1,0.6751,0.0,0.3333,0.0,,,0.913,0.0,0.087,0.0,0.0,0.0,0.8889,0.0,61.643,219012,0.0222
deepseek-flash,deepseek/deepseek-v4-flash,d054_confusion_b512000,confusion,spans,512000,False,54,1,1,0.4631,0.0,0.1111,0.0,,,0.913,0.0,0.087,0.0,0.0,0.0,0.7778,0.0,102.328,431490,0.0614
deepseek-flash,deepseek/deepseek-v4-flash,d054_confusion_b64000,confusion,spans,64000,False,54,1,1,0.5487,0.0,0.2222,0.0,,,0.8696,0.0,0.1304,0.0,0.0,0.0,0.8889,0.0,49.48,54859,0.0044
deepseek-flash,deepseek/deepseek-v4-flash,d054_rot_b128000,rot,spans,128000,False,54,1,1,0.6531,0.0,0.3333,0.0,,,0.8261,0.0,0.1739,0.0,0.0,0.0,0.8889,0.0,50.76,140478,0.0146
deepseek-flash,deepseek/deepseek-v4-flash,d054_rot_b256000,rot,spans,256000,False,54,1,1,0.687,0.0,0.4444,0.0,,,0.8696,0.0,0.1304,0.0,0.0,0.0,0.8889,0.0,45.952,278600,0.018
deepseek-flash,deepseek/deepseek-v4-flash,d054_rot_b512000,rot,spans,512000,False,54,1,1,0.6889,0.0,0.5556,0.0,,,0.913,0.0,0.087,0.0,0.0,0.0,0.8889,0.0,81.702,548875,0.0745
deepseek-flash,deepseek/deepseek-v4-flash,d054_rot_b64000,rot,spans,64000,False,54,1,1,0.6374,0.0,0.4444,0.0,,,0.8261,0.0,0.1739,0.0,0.0,0.0,0.8889,0.0,62.144,71528,0.0114
deepseek-flash,deepseek/deepseek-v4-flash,d058_baseline,baseline,spans,0,True,58,1,1,0.7184,0.0,0.1667,0.0,,,0.65,0.0,0.35,0.0,0.0,0.0,0.9167,0.0,32.604,10094,0.0013
deepseek-flash,deepseek/deepseek-v4-flash,d058_confusion_b128000,confusion,spans,128000,False,58,1,1,0.4319,0.0,0.3333,0.0,,,0.8,0.0,0.2,0.0,0.0,0.0,0.5,0.0,52.305,114414,0.0123
deepseek-flash,deepseek/deepseek-v4-flash,d058_confusion_b256000,confusion,spans,256000,False,58,1,0,,,,,,,,,,,,,,,,,
deepseek-flash,deepseek/deepseek-v4-flash,d058_confusion_b512000,confusion,spans,512000,False,58,1,1,0.5219,0.0,0.3333,0.0,,,0.8,0.0,0.2,0.0,0.0,0.0,0.75,0.0,62.904,430619,0.0426
deepseek-flash,deepseek/deepseek-v4-flash,d058_confusion_b64000,confusion,spans,64000,False,58,1,1,0.4842,0.0,0.0,0.0,,,0.5,0.0,0.5,0.0,0.0,0.0,1.0,0.0,83.298,65174,0.0067
deepseek-flash,deepseek/deepseek-v4-flash,d058_rot_b128000,rot,spans,128000,False,58,1,1,0.4547,0.0,0.0,0.0,,,0.8,0.0,0.2,0.0,0.0,0.0,0.75,0.0,48.156,146316,0.0154
deepseek-flash,deepseek/deepseek-v4-flash,d058_rot_b256000,rot,spans,256000,False,58,1,1,0.5542,0.0,0.3333,0.0,,,0.75,0.0,0.25,0.0,0.0,0.0,0.75,0.0,52.548,285283,0.0292
deepseek-flash,deepseek/deepseek-v4-flash,d058_rot_b512000,rot,spans,512000,False,58,1,1,0.5923,0.0,0.0833,0.0,,,0.8,0.0,0.2,0.0,0.0,0.0,0.8333,0.0,119.898,553936,0.0789
deepseek-flash,deepseek/deepseek-v4-flash,d058_rot_b64000,rot,spans,64000,False,58,1,1,0.5508,0.0,0.0,0.0,,,0.6,0.0,0.4,0.0,0.0,0.0,0.9167,0.0,100.007,77503,0.0077
deepseek-flash,deepseek/deepseek-v4-flash,d061_baseline,baseline,spans,0,True,61,1,1,0.6798,0.0,0.2609,0.0,,,0.6667,0.0,0.3333,0.0,0.0,0.0,0.8696,0.0,75.687,32364,0.0038
deepseek-flash,deepseek/deepseek-v4-flash,d061_confusion_b128000,confusion,spans,128000,False,61,1,1,0.5922,0.0,0.0435,0.0,,,0.6667,0.0,0.3333,0.0,0.0,0.0,0.9565,0.0,127.207,138114,0.0174
deepseek-flash,deepseek/deepseek-v4-flash,d061_confusion_b256000,confusion,spans,256000,False,61,1,1,0.5705,0.0,0.0435,0.0,,,0.6667,0.0,0.3333,0.0,0.0,0.0,0.8696,0.0,82.574,243256,0.0161
deepseek-flash,deepseek/deepseek-v4-flash,d061_confusion_b512000,confusion,spans,512000,False,61,1,1,0.5414,0.0,0.0435,0.0,,,0.6667,0.0,0.3333,0.0,0.0,0.0,0.913,0.0,96.314,462311,0.0325
deepseek-flash,deepseek/deepseek-v4-flash,d061_confusion_b64000,confusion,spans,64000,False,61,1,1,0.642,0.0,0.0435,0.0,,,0.6667,0.0,0.3333,0.0,0.0,0.0,0.913,0.0,69.138,87234,0.0071
deepseek-flash,deepseek/deepseek-v4-flash,d061_rot_b128000,rot,spans,128000,False,61,1,1,0.5991,0.0,0.0435,0.0,,,0.6667,0.0,0.3333,0.0,0.0,0.0,0.913,0.0,108.677,168477,0.0243
deepseek-flash,deepseek/deepseek-v4-flash,d061_rot_b256000,rot,spans,256000,False,61,1,1,0.6108,0.0,0.087,0.0,,,0.6667,0.0,0.3333,0.0,0.0,0.0,0.8696,0.0,64.078,305871,0.0206
deepseek-flash,deepseek/deepseek-v4-flash,d061_rot_b512000,rot,spans,512000,False,61,1,1,0.649,0.0,0.0435,0.0,,,0.6667,0.0,0.3333,0.0,0.0,0.0,0.9565,0.0,80.159,577460,0.0383
deepseek-flash,deepseek/deepseek-v4-flash,d061_rot_b64000,rot,spans,64000,False,61,1,1,0.5798,0.0,0.0435,0.0,,,0.6667,0.0,0.3333,0.0,0.0,0.0,0.913,0.0,54.63,101007,0.0165
deepseek-flash,deepseek/deepseek-v4-flash,d064_baseline,baseline,spans,0,True,64,1,1,0.791,0.0,0.4615,0.0,,,0.8421,0.0,0.1579,0.0,0.0,0.0,1.0,0.0,44.48,8240,0.0031
deepseek-flash,deepseek/deepseek-v4-flash,d064_confusion_b128000,confusion,spans,128000,False,64,1,1,0.7733,0.0,0.6154,0.0,,,0.8421,0.0,0.1579,0.0,0.0,0.0,0.9231,0.0,69.174,114866,0.0119
deepseek-flash,deepseek/deepseek-v4-flash,d064_confusion_b256000,confusion,spans,256000,False,64,1,1,0.7498,0.0,0.6154,0.0,,,0.8421,0.0,0.1579,0.0,0.0,0.0,0.9231,0.0,105.196,219813,0.0304
deepseek-flash,deepseek/deepseek-v4-flash,d064_confusion_b512000,confusion,spans,512000,False,64,1,1,0.6273,0.0,0.1538,0.0,,,0.8421,0.0,0.1579,0.0,0.0,0.0,0.9231,0.0,61.963,431430,0.0283
deepseek-flash,deepseek/deepseek-v4-flash,d064_confusion_b64000,confusion,spans,64000,False,64,1,1,0.8928,0.0,0.6923,0.0,,,0.7368,0.0,0.2632,0.0,0.0,0.0,1.0,0.0,35.317,61127,0.0071
deepseek-flash,deepseek/deepseek-v4-flash,d064_rot_b128000,rot,spans,128000,False,64,1,1,0.7947,0.0,0.5385,0.0,,,0.8421,0.0,0.1579,0.0,0.0,0.0,1.0,0.0,48.299,142765,0.0099
deepseek-flash,deepseek/deepseek-v4-flash,d064_rot_b256000,rot,spans,256000,False,64,1,1,0.8074,0.0,0.6154,0.0,,,0.7895,0.0,0.2105,0.0,0.0,0.0,1.0,0.0,108.773,279687,0.0387
deepseek-flash,deepseek/deepseek-v4-flash,d064_rot_b512000,rot,spans,512000,False,64,1,1,0.8254,0.0,0.6154,0.0,,,0.9474,0.0,0.0526,0.0,0.0,0.0,1.0,0.0,107.415,552762,0.0174
deepseek-flash,deepseek/deepseek-v4-flash,d064_rot_b64000,rot,spans,64000,False,64,1,1,0.7711,0.0,0.5385,0.0,,,0.7895,0.0,0.2105,0.0,0.0,0.0,1.0,0.0,23.753,75447,0.0112
deepseek-flash,deepseek/deepseek-v4-flash,d065_baseline,baseline,spans,0,True,65,1,1,0.7177,0.0,0.3077,0.0,,,1.0,0.0,0.0,0.0,0.0,0.0,0.9231,0.0,106.367,10881,0.003
deepseek-flash,deepseek/deepseek-v4-flash,d065_confusion_b128000,confusion,spans,128000,False,65,1,1,0.7843,0.0,0.3846,0.0,,,1.0,0.0,0.0,0.0,0.0,0.0,0.9231,0.0,52.119,118775,0.0084
deepseek-flash,deepseek/deepseek-v4-flash,d065_confusion_b256000,confusion,spans,256000,False,65,1,1,0.6606,0.0,0.4615,0.0,,,1.0,0.0,0.0,0.0,0.0,0.0,0.8462,0.0,61.951,223325,0.0328
deepseek-flash,deepseek/deepseek-v4-flash,d065_confusion_b512000,confusion,spans,512000,False,65,1,1,0.6932,0.0,0.5385,0.0,,,1.0,0.0,0.0,0.0,0.0,0.0,0.8462,0.0,52.186,436908,0.027
deepseek-flash,deepseek/deepseek-v4-flash,d065_confusion_b64000,confusion,spans,64000,False,65,1,1,0.8168,0.0,0.1538,0.0,,,1.0,0.0,0.0,0.0,0.0,0.0,1.0,0.0,52.446,62717,0.0049
deepseek-flash,deepseek/deepseek-v4-flash,d065_rot_b128000,rot,spans,128000,False,65,1,1,0.7574,0.0,0.1538,0.0,,,0.9474,0.0,0.0526,0.0,0.0,0.0,1.0,0.0,57.927,146220,0.0216
deepseek-flash,deepseek/deepseek-v4-flash,d065_rot_b256000,rot,spans,256000,False,65,1,1,0.7519,0.0,0.1538,0.0,,,0.8947,0.0,0.1053,0.0,0.0,0.0,1.0,0.0,51.43,280856,0.0403
deepseek-flash,deepseek/deepseek-v4-flash,d065_rot_b512000,rot,spans,512000,False,65,1,1,0.773,0.0,0.1538,0.0,,,1.0,0.0,0.0,0.0,0.0,0.0,1.0,0.0,92.426,554693,0.0779
deepseek-flash,deepseek/deepseek-v4-flash,d065_rot_b64000,rot,spans,64000,False,65,1,1,0.8899,0.0,0.6923,0.0,,,1.0,0.0,0.0,0.0,0.0,0.0,1.0,0.0,34.335,78354,0.0128
deepseek-flash,deepseek/deepseek-v4-flash,d074_baseline,baseline,spans,0,True,74,1,1,0.75,0.0,0.0,0.0,,,0.9677,0.0,0.0323,0.0,0.0,0.0,1.0,0.0,33.691,3571,0.0009
deepseek-flash,deepseek/deepseek-v4-flash,d074_confusion_b128000,confusion,spans,128000,False,74,1,1,1.0,0.0,1.0,0.0,,,0.9677,0.0,0.0323,0.0,0.0,0.0,1.0,0.0,36.132,112794,0.0199
deepseek-flash,deepseek/deepseek-v4-flash,d074_confusion_b256000,confusion,spans,256000,False,74,1,1,0.0,0.0,0.0,0.0,,,1.0,0.0,0.0,0.0,,,0.0,0.0,29.363,217845,0.0215
deepseek-flash,deepseek/deepseek-v4-flash,d074_confusion_b512000,confusion,spans,512000,False,74,1,1,1.0,0.0,1.0,0.0,,,0.9677,0.0,0.0323,0.0,0.0,0.0,1.0,0.0,39.6,423945,0.0574
deepseek-flash,deepseek/deepseek-v4-flash,d074_confusion_b64000,confusion,spans,64000,False,74,1,1,0.75,0.0,0.0,0.0,,,0.9677,0.0,0.0323,0.0,0.0,0.0,1.0,0.0,19.227,59326,0.0061
deepseek-flash,deepseek/deepseek-v4-flash,d074_rot_b128000,rot,spans,128000,False,74,1,1,0.75,0.0,0.0,0.0,,,0.9677,0.0,0.0323,0.0,0.0,0.0,1.0,0.0,41.092,140484,0.0201
deepseek-flash,deepseek/deepseek-v4-flash,d074_rot_b256000,rot,spans,256000,False,74,1,1,0.375,0.0,0.0,0.0,,,0.9677,0.0,0.0323,0.0,0.0,0.0,1.0,0.0,30.803,275185,0.039
deepseek-flash,deepseek/deepseek-v4-flash,d074_rot_b512000,rot,spans,512000,False,74,1,1,0.375,0.0,0.0,0.0,,,0.9677,0.0,0.0323,0.0,0.0,0.0,1.0,0.0,65.308,547843,0.074
deepseek-flash,deepseek/deepseek-v4-flash,d074_rot_b64000,rot,spans,64000,False,74,1,1,1.0,0.0,1.0,0.0,,,1.0,0.0,0.0,0.0,0.0,0.0,1.0,0.0,21.15,71991,0.0067
deepseek-flash,deepseek/deepseek-v4-flash,d075_baseline,baseline,spans,0,True,75,1,1,0.7244,0.0,0.4167,0.0,,,0.85,0.0,0.15,0.0,0.0,0.0,1.0,0.0,20.418,15644,0.002
deepseek-flash,deepseek/deepseek-v4-flash,d075_confusion_b128000,confusion,spans,128000,False,75,1,1,0.6729,0.0,0.0833,0.0,,,0.8,0.0,0.2,0.0,0.0,0.0,0.9167,0.0,38.679,122969,0.018
deepseek-flash,deepseek/deepseek-v4-flash,d075_confusion_b256000,confusion,spans,256000,False,75,1,1,0.6247,0.0,0.3333,0.0,,,0.8,0.0,0.2,0.0,0.0,0.0,0.9167,0.0,44.228,229741,0.0162
deepseek-flash,deepseek/deepseek-v4-flash,d075_confusion_b512000,confusion,spans,512000,False,75,1,1,0.5772,0.0,0.0,0.0,,,0.8,0.0,0.2,0.0,0.0,0.0,0.9167,0.0,66.137,440015,0.0296
deepseek-flash,deepseek/deepseek-v4-flash,d075_confusion_b64000,confusion,spans,64000,False,75,1,1,0.656,0.0,0.4167,0.0,,,0.8,0.0,0.2,0.0,0.0,0.0,0.9167,0.0,39.344,66426,0.0065
deepseek-flash,deepseek/deepseek-v4-flash,d075_rot_b128000,rot,spans,128000,False,75,1,1,0.697,0.0,0.3333,0.0,,,0.7,0.0,0.3,0.0,0.0,0.0,1.0,0.0,47.253,151337,0.0218
deepseek-flash,deepseek/deepseek-v4-flash,d075_rot_b256000,rot,spans,256000,False,75,1,1,0.752,0.0,0.1667,0.0,,,0.7,0.0,0.3,0.0,0.0,0.0,1.0,0.0,121.508,289360,0.0404
deepseek-flash,deepseek/deepseek-v4-flash,d075_rot_b512000,rot,spans,512000,False,75,1,1,0.6729,0.0,0.0833,0.0,,,0.75,0.0,0.25,0.0,0.0,0.0,0.9167,0.0,75.47,561443,0.0794
deepseek-flash,deepseek/deepseek-v4-flash,d075_rot_b64000,rot,spans,64000,False,75,1,1,0.6112,0.0,0.0,0.0,,,0.75,0.0,0.25,0.0,0.0,0.0,1.0,0.0,47.602,84922,0.014
deepseek-flash,deepseek/deepseek-v4-flash,d080_baseline,baseline,spans,0,True,80,1,1,0.8761,0.0,0.7143,0.0,,,0.92,0.0,0.08,0.0,0.0,0.0,1.0,0.0,29.624,5117,0.001
deepseek-flash,deepseek/deepseek-v4-flash,d080_confusion_b128000,confusion,spans,128000,False,80,1,1,0.8323,0.0,0.4286,0.0,,,0.92,0.0,0.08,0.0,0.0,0.0,1.0,0.0,39.245,110766,0.0074
deepseek-flash,deepseek/deepseek-v4-flash,d080_confusion_b256000,confusion,spans,256000,False,80,1,1,0.7622,0.0,0.2857,0.0,,,0.92,0.0,0.08,0.0,0.0,0.0,1.0,0.0,39.868,219563,0.0141
deepseek-flash,deepseek/deepseek-v4-flash,d080_confusion_b512000,confusion,spans,512000,False,80,1,1,0.8259,0.0,0.4286,0.0,,,0.88,0.0,0.12,0.0,0.0,0.0,1.0,0.0,42.254,430204,0.0261
deepseek-flash,deepseek/deepseek-v4-flash,d080_confusion_b64000,confusion,spans,64000,False,80,1,1,0.8716,0.0,0.5714,0.0,,,0.92,0.0,0.08,0.0,0.0,0.0,1.0,0.0,31.585,58098,0.0045
deepseek-flash,deepseek/deepseek-v4-flash,d080_rot_b128000,rot,spans,128000,False,80,1,1,0.7882,0.0,0.4286,0.0,,,0.92,0.0,0.08,0.0,0.0,0.0,1.0,0.0,27.571,141980,0.0146
deepseek-flash,deepseek/deepseek-v4-flash,d080_rot_b256000,rot,spans,256000,False,80,1,1,0.8779,0.0,0.5714,0.0,,,0.92,0.0,0.08,0.0,0.0,0.0,1.0,0.0,42.423,277365,0.04
deepseek-flash,deepseek/deepseek-v4-flash,d080_rot_b512000,rot,spans,512000,False,80,1,1,0.8024,0.0,0.5714,0.0,,,0.88,0.0,0.12,0.0,0.0,0.0,1.0,0.0,47.288,550086,0.0357
deepseek-flash,deepseek/deepseek-v4-flash,d080_rot_b64000,rot,spans,64000,False,80,1,1,0.7751,0.0,0.4286,0.0,,,0.84,0.0,0.16,0.0,0.0,0.0,1.0,0.0,31.306,72860,0.0107
deepseek-flash,deepseek/deepseek-v4-flash,d082_baseline,baseline,spans,0,True,82,1,1,0.6469,0.0,0.4545,0.0,,,0.9048,0.0,0.0952,0.0,0.0,0.0,1.0,0.0,71.96,6550,0.0012
deepseek-flash,deepseek/deepseek-v4-flash,d082_confusion_b128000,confusion,spans,128000,False,82,1,1,0.7193,0.0,0.5455,0.0,,,0.9048,0.0,0.0952,0.0,0.0,0.0,1.0,0.0,113.545,110765,0.0161
deepseek-flash,deepseek/deepseek-v4-flash,d082_confusion_b256000,confusion,spans,256000,False,82,1,1,0.72,0.0,0.5455,0.0,,,0.9048,0.0,0.0952,0.0,0.0,0.0,0.9091,0.0,38.305,220451,0.0312
deepseek-flash,deepseek/deepseek-v4-flash,d082_confusion_b512000,confusion,spans,512000,False,82,1,1,0.6481,0.0,0.5455,0.0,,,0.9048,0.0,0.0952,0.0,0.0,0.0,0.8182,0.0,65.216,435367,0.0614
deepseek-flash,deepseek/deepseek-v4-flash,d082_confusion_b64000,confusion,spans,64000,False,82,1,1,0.7193,0.0,0.5455,0.0,,,0.9048,0.0,0.0952,0.0,0.0,0.0,1.0,0.0,20.131,59081,0.0088
deepseek-flash,deepseek/deepseek-v4-flash,d082_rot_b128000,rot,spans,128000,False,82,1,1,0.7555,0.0,0.3636,0.0,,,0.9048,0.0,0.0952,0.0,0.0,0.0,1.0,0.0,85.782,141457,0.02
deepseek-flash,deepseek/deepseek-v4-flash,d082_rot_b256000,rot,spans,256000,False,82,1,1,0.7648,0.0,0.5455,0.0,,,0.9048,0.0,0.0952,0.0,0.0,0.0,1.0,0.0,127.334,276718,0.0393
deepseek-flash,deepseek/deepseek-v4-flash,d082_rot_b512000,rot,spans,512000,False,82,1,1,0.7677,0.0,0.4545,0.0,,,0.9048,0.0,0.0952,0.0,0.0,0.0,1.0,0.0,46.195,551050,0.0336
deepseek-flash,deepseek/deepseek-v4-flash,d082_rot_b64000,rot,spans,64000,False,82,1,1,0.6904,0.0,0.2727,0.0,,,0.9048,0.0,0.0952,0.0,0.0,0.0,1.0,0.0,63.185,74143,0.011
deepseek-flash,deepseek/deepseek-v4-flash,d085_baseline,baseline,spans,0,True,85,1,1,0.3798,0.0,0.3333,0.0,,,0.931,0.0,0.069,0.0,0.0,0.0,1.0,0.0,57.027,4910,0.0017
deepseek-flash,deepseek/deepseek-v4-flash,d085_confusion_b128000,confusion,spans,128000,False,85,1,1,0.3798,0.0,0.3333,0.0,,,0.931,0.0,0.069,0.0,0.0,0.0,1.0,0.0,37.046,112625,0.008
deepseek-flash,deepseek/deepseek-v4-flash,d085_confusion_b256000,confusion,spans,256000,False,85,1,1,0.3798,0.0,0.3333,0.0,,,0.9655,0.0,0.0345,0.0,0.0,0.0,1.0,0.0,38.86,221565,0.0138
deepseek-flash,deepseek/deepseek-v4-flash,d085_confusion_b512000,confusion,spans,512000,False,85,1,1,0.3798,0.0,0.3333,0.0,,,0.9655,0.0,0.0345,0.0,0.0,0.0,1.0,0.0,86.685,433427,0.0614
deepseek-flash,deepseek/deepseek-v4-flash,d085_confusion_b64000,confusion,spans,64000,False,85,1,1,0.3798,0.0,0.3333,0.0,,,0.931,0.0,0.069,0.0,0.0,0.0,1.0,0.0,41.332,59688,0.0089
deepseek-flash,deepseek/deepseek-v4-flash,d085_rot_b128000,rot,spans,128000,False,85,1,1,0.6656,0.0,0.3333,0.0,,,0.8966,0.0,0.1034,0.0,0.0,0.0,1.0,0.0,25.946,142111,0.0203
deepseek-flash,deepseek/deepseek-v4-flash,d085_rot_b256000,rot,spans,256000,False,85,1,1,0.3798,0.0,0.3333,0.0,,,0.8966,0.0,0.1034,0.0,0.0,0.0,1.0,0.0,61.447,277738,0.0096
deepseek-flash,deepseek/deepseek-v4-flash,d085_rot_b512000,rot,spans,512000,False,85,1,1,0.5617,0.0,0.3333,0.0,,,0.931,0.0,0.069,0.0,0.0,0.0,1.0,0.0,80.348,549161,0.0738
deepseek-flash,deepseek/deepseek-v4-flash,d085_rot_b64000,rot,spans,64000,False,85,1,1,0.3798,0.0,0.3333,0.0,,,0.931,0.0,0.069,0.0,0.0,0.0,1.0,0.0,43.644,74649,0.0113
deepseek-flash,deepseek/deepseek-v4-flash,d094_baseline,baseline,spans,0,True,94,1,1,0.6619,0.0,0.5,0.0,,,0.9231,0.0,0.0769,0.0,0.0,0.0,0.8333,0.0,34.135,8254,0.0017
deepseek-flash,deepseek/deepseek-v4-flash,d094_confusion_b128000,confusion,spans,128000,False,94,1,1,0.5693,0.0,0.3333,0.0,,,0.9615,0.0,0.0385,0.0,0.0,0.0,0.8333,0.0,42.414,113970,0.0085
deepseek-flash,deepseek/deepseek-v4-flash,d094_confusion_b256000,confusion,spans,256000,False,94,1,1,0.6857,0.0,0.6667,0.0,,,0.9231,0.0,0.0769,0.0,0.0,0.0,0.8333,0.0,40.143,222058,0.0314
deepseek-flash,deepseek/deepseek-v4-flash,d094_confusion_b512000,confusion,spans,512000,False,94,1,1,0.6667,0.0,0.5,0.0,,,0.9615,0.0,0.0385,0.0,0.0,0.0,0.8333,0.0,48.431,438144,0.0301
deepseek-flash,deepseek/deepseek-v4-flash,d094_confusion_b64000,confusion,spans,64000,False,94,1,1,0.6667,0.0,0.5,0.0,,,0.9231,0.0,0.0769,0.0,0.0,0.0,0.8333,0.0,45.929,59746,0.0089
deepseek-flash,deepseek/deepseek-v4-flash,d094_rot_b128000,rot,spans,128000,False,94,1,1,0.6667,0.0,0.5,0.0,,,0.9231,0.0,0.0769,0.0,0.0,0.0,0.8333,0.0,136.862,144647,0.0208
deepseek-flash,deepseek/deepseek-v4-flash,d094_rot_b256000,rot,spans,256000,False,94,1,1,0.6429,0.0,0.3333,0.0,,,0.9231,0.0,0.0769,0.0,0.0,0.0,0.8333,0.0,49.211,279918,0.0177
deepseek-flash,deepseek/deepseek-v4-flash,d094_rot_b512000,rot,spans,512000,False,94,1,1,0.5714,0.0,0.3333,0.0,,,1.0,0.0,0.0,0.0,0.0,0.0,0.8333,0.0,58.755,554013,0.0752
deepseek-flash,deepseek/deepseek-v4-flash,d094_rot_b64000,rot,spans,64000,False,94,1,1,0.6476,0.0,0.3333,0.0,,,1.0,0.0,0.0,0.0,0.0,0.0,0.8333,0.0,42.377,75001,0.0054
deepseek-flash,deepseek/deepseek-v4-flash,d098_baseline,baseline,spans,0,True,98,1,1,0.6261,0.0,0.4545,0.0,,,0.7619,0.0,0.2381,0.0,0.0,0.0,0.7273,0.0,44.896,15822,0.0041
deepseek-flash,deepseek/deepseek-v4-flash,d098_confusion_b128000,confusion,spans,128000,False,98,1,1,0.6118,0.0,0.3636,0.0,,,0.8095,0.0,0.1905,0.0,0.0,0.0,0.7273,0.0,35.125,120895,0.0176
deepseek-flash,deepseek/deepseek-v4-flash,d098_confusion_b256000,confusion,spans,256000,False,98,1,1,0.6238,0.0,0.4545,0.0,,,0.9048,0.0,0.0952,0.0,0.0,0.0,0.7273,0.0,156.359,226997,0.0305
deepseek-flash,deepseek/deepseek-v4-flash,d098_confusion_b512000,confusion,spans,512000,False,98,1,1,0.6503,0.0,0.4545,0.0,,,0.9048,0.0,0.0952,0.0,0.0,0.0,0.7273,0.0,52.63,439957,0.0286
deepseek-flash,deepseek/deepseek-v4-flash,d098_confusion_b64000,confusion,spans,64000,False,98,1,1,0.557,0.0,0.1818,0.0,,,0.8571,0.0,0.1429,0.0,0.0,0.0,0.8182,0.0,43.581,70942,0.0084
deepseek-flash,deepseek/deepseek-v4-flash,d098_rot_b128000,rot,spans,128000,False,98,1,1,0.5694,0.0,0.3636,0.0,,,0.8571,0.0,0.1429,0.0,0.0,0.0,0.7273,0.0,169.466,151104,0.0218
deepseek-flash,deepseek/deepseek-v4-flash,d098_rot_b256000,rot,spans,256000,False,98,1,1,0.5515,0.0,0.0909,0.0,,,0.8571,0.0,0.1429,0.0,0.0,0.0,0.7273,0.0,70.688,288118,0.0094
deepseek-flash,deepseek/deepseek-v4-flash,d098_rot_b512000,rot,spans,512000,False,98,1,1,0.5821,0.0,0.0909,0.0,,,0.8571,0.0,0.1429,0.0,0.0,0.0,0.7273,0.0,67.534,561078,0.0342
deepseek-flash,deepseek/deepseek-v4-flash,d098_rot_b64000,rot,spans,64000,False,98,1,1,0.5508,0.0,0.0909,0.0,,,0.7143,0.0,0.2857,0.0,0.0,0.0,0.7273,0.0,50.31,84905,0.0125
deepseek-flash,deepseek/deepseek-v4-flash,d099_baseline,baseline,spans,0,True,99,1,1,0.7229,0.0,0.3333,0.0,,,0.9615,0.0,0.0385,0.0,0.0,0.0,1.0,0.0,30.458,7116,0.002
deepseek-flash,deepseek/deepseek-v4-flash,d099_confusion_b128000,confusion,spans,128000,False,99,1,1,0.6675,0.0,0.0,0.0,,,0.9615,0.0,0.0385,0.0,0.0,0.0,1.0,0.0,20.14,114203,0.0163
deepseek-flash,deepseek/deepseek-v4-flash,d099_confusion_b256000,confusion,spans,256000,False,99,1,1,0.6252,0.0,0.0,0.0,,,0.9615,0.0,0.0385,0.0,0.0,0.0,1.0,0.0,44.522,219421,0.0149
deepseek-flash,deepseek/deepseek-v4-flash,d099_confusion_b512000,confusion,spans,512000,False,99,1,1,0.6252,0.0,0.0,0.0,,,0.9615,0.0,0.0385,0.0,0.0,0.0,1.0,0.0,91.986,433953,0.0617
deepseek-flash,deepseek/deepseek-v4-flash,d099_confusion_b64000,confusion,spans,64000,False,99,1,1,0.5992,0.0,0.0,0.0,,,0.9615,0.0,0.0385,0.0,0.0,0.0,1.0,0.0,79.253,59655,0.0083
deepseek-flash,deepseek/deepseek-v4-flash,d099_rot_b128000,rot,spans,128000,False,99,1,1,0.6161,0.0,0.1667,0.0,,,0.9615,0.0,0.0385,0.0,0.0,0.0,1.0,0.0,42.204,141859,0.0148
deepseek-flash,deepseek/deepseek-v4-flash,d099_rot_b256000,rot,spans,256000,False,99,1,1,0.6675,0.0,0.0,0.0,,,0.9615,0.0,0.0385,0.0,0.0,0.0,1.0,0.0,127.555,278244,0.0394
deepseek-flash,deepseek/deepseek-v4-flash,d099_rot_b512000,rot,spans,512000,False,99,1,1,0.6437,0.0,0.1667,0.0,,,0.9615,0.0,0.0385,0.0,0.0,0.0,1.0,0.0,63.937,551862,0.0729
deepseek-flash,deepseek/deepseek-v4-flash,d099_rot_b64000,rot,spans,64000,False,99,1,1,0.6692,0.0,0.0,0.0,,,1.0,0.0,0.0,0.0,0.0,0.0,1.0,0.0,22.335,76392,0.008
